"date","route_id","avg_total_2km_30","avg_total_2km_15","avg_fix","avg_price_per_minute","avg_start"
"2025-03-06","1","1381.84375","1085.94375","1530.9375","20.15625","39"
"2025-03-06","2","1359.2072072072071","1068.144144144144","1570.6306306306305","22.666666666666668","39"
"2025-03-06","3","1342.4516129032259","1056.1935483870968","1391.0752688172042","21.182795698924732","39"
"2025-03-06","4","1489.8235294117646","1172.4352941176471","1656.7058823529412","23.070588235294117","39"
"2025-03-06","5","1463.8076923076924","1152.474358974359","1915","23.55128205128205","39"
"2025-03-07","1","1441.9","1135.9666666666667","1042.3333333333333","20.666666666666668","39"
"2025-03-07","2","1350.3333333333333","1063.7777777777778","1061.111111111111","20.11111111111111","39"
"2025-03-11","1","1397.6333333333334","1072.4333333333334","1164.6666666666667","17.733333333333334","51.46566666666667"
"2025-03-11","2","1453.2222222222222","1116","1093.888888888889","21.944444444444443","67.44222222222223"
"2025-03-11","3","1287.5714285714287","978.9285714285714","928.5714285714286","18.642857142857142","46.714285714285715"
"2025-03-11","5","1444.75","1101.125","1262.5","21.375","54.74875"
"2025-03-11","7","1443.3","1101.7","1175","20.3","46.9"
"2025-03-11","8","1310.8","1000.9","1077","18.6","45.4"
"2025-03-11","10","1367","1044","912.5","20.625","54.74875"
"2025-03-11","11","1410.7142857142858","1077.857142857143","1152.857142857143","21.142857142857142","56.99857142857143"
"2025-03-11","13","1272.3","969.2","814","17.7","43.4"
"2025-03-11","14","1512","1162.888888888889","814.4444444444445","19.555555555555557","58.77777777777778"
"2025-03-11","15","1512","1162.888888888889","661.1111111111111","19.666666666666668","58.77777777777778"
"2025-03-11","16","1473.6","1131.7","841","19.7","43.8"
"2025-03-11","17","1281.888888888889","975","655.5555555555555","18.666666666666668","48.333333333333336"
"2025-03-11","19","1322.125","1009.625","770","20.75","53.875"
"2025-03-11","20","1280.25","977.25","726.25","17.75","52.99875"
"2025-03-11","21","1418.5","1088.5","478","18.4","56.198"
"2025-03-11","22","1313.888888888889","1002","901.1111111111111","23.333333333333332","66.55555555555556"
"2025-03-14","1","1315.54","1005.42","1475.6","18.953999999999997","47.599799999999995"
"2025-03-14","2","1371.16","1048.12","1384","21.404","59.5596"
"2025-03-14","3","1289.9354838709678","986.3870967741935","1187.4193548387098","19.470645161290324","58.28967741935484"
"2025-03-14","4","1314.7714285714285","1003.2571428571429","1346.5714285714287","19.11285714285715","45"
"2025-03-14","5","1443.1764705882354","1108.9117647058824","1710","20.825882352941182","61.99823529411765"
"2025-03-14","6","1375.2666666666667","1049.6","1311.3333333333333","20.77733333333333","50.2"
"2025-03-14","7","1297.8","993.2","1161.3333333333333","20.146","50.666666666666664"
"2025-03-14","8","1244.7333333333333","946.6","1068.6666666666667","18.674","48.333333333333336"
"2025-03-14","9","1299.2","994.2","754","19.78066666666667","49.86666666666667"
"2025-03-14","10","1420","1089.0714285714287","827.8571428571429","20.157857142857146","58.99857142857143"
"2025-03-14","11","1420","1089.0714285714287","1106.4285714285713","20.157857142857146","58.99857142857143"
"2025-03-14","12","1257.0666666666666","955.2666666666667","762.6666666666666","18.020666666666667","44.06666666666667"
"2025-03-14","13","1257.0666666666666","955.2666666666667","751.3333333333334","18.020666666666667","44.06666666666667"
"2025-03-14","14","1375.2666666666667","1049.6","833.3333333333334","19.328666666666663","45.93333333333333"
"2025-03-14","15","1375.2666666666667","1049.6","720.6666666666666","19.38533333333333","45.93333333333333"
"2025-03-14","16","1306.6","999.2666666666667","690","18.54466666666667","46.46666666666667"
"2025-03-14","17","1308.1333333333334","1002.2666666666667","665.3333333333334","17.84266666666667","53.666666666666664"
"2025-03-14","18","1367.3846153846155","1045.5384615384614","786.1538461538462","19.391538461538463","52.38384615384616"
"2025-03-14","19","1380.8666666666666","1054.8666666666666","694","19.782666666666668","52.466"
"2025-03-14","20","1330.4","1016","658","17.43866666666667","40.86666666666667"
"2025-03-14","21","1391.2","1068.6666666666667","488","17.473333333333336","49.666666666666664"
"2025-03-14","22","1316.5333333333333","1001.9333333333333","760","19.817333333333334","50.066"
"2025-03-15","1","1508.4871794871794","1159.6153846153845","935.3846153846154","18.652307692307687","45.87179487179487"
"2025-03-15","2","1364.8987341772151","1042.759493670886","880.8860759493671","19.02379746835443","47.53151898734177"
"2025-03-15","3","1325.448717948718","1014.3461538461538","826.025641025641","17.975256410256417","44.53820512820512"
"2025-03-15","4","1374.9","1051.9875","900","18.048750000000005","42.449875"
"2025-03-15","5","1531.472972972973","1177.9054054054054","1030.8108108108108","19.936621621621626","50.999459459459445"
"2025-03-15","6","1342.860759493671","1026.9746835443038","935.4430379746835","18.17177215189873","44.72139240506329"
"2025-03-15","7","1348.2820512820513","1029.4871794871794","992.5641025641025","19.080897435897434","46.51243589743589"
"2025-03-15","8","1299.632911392405","990.3164556962025","927.4683544303797","17.90658227848101","43.607468354430374"
"2025-03-15","9","1343.7307692307693","1025.948717948718","680","19.05564102564102","47.10217948717948"
"2025-03-15","10","1528.84","1175.8933333333334","754.6666666666666","19.781999999999993","52.11946666666665"
"2025-03-15","11","1533.5466666666666","1179.6133333333332","841.0666666666667","19.81479999999999","52.10613333333333"
"2025-03-15","12","1301.3037974683543","991.7215189873418","722.4050632911392","17.81417721518987","44.21506329113924"
"2025-03-15","13","1300.4868421052631","991.3684210526316","704.078947368421","17.6078947368421","43.89460526315789"
"2025-03-15","14","1340.2857142857142","1025.2467532467533","649.6103896103896","17.86103896103896","45.493246753246744"
"2025-03-15","15","1334.7848101265822","1020.8101265822785","557.7215189873418","17.745822784810127","44.92379746835442"
"2025-03-15","16","1336.0641025641025","1019.7948717948718","627.6923076923077","18.858974358974358","47.30730769230768"
"2025-03-15","17","1312.5696202531647","1004.746835443038","566.9620253164557","18.078860759493676","42.54430379746835"
"2025-03-15","18","1375.7402597402597","1051.4025974025974","675.8441558441558","18.92597402597402","47.79207792207792"
"2025-03-15","19","1376.5","1052.0526315789473","631.1842105263158","18.928684210526313","47.64460526315789"
"2025-03-15","20","1371.2368421052631","1049.2368421052631","580.1315789473684","17.565000000000005","41.657763157894735"
"2025-03-15","21","1521.7435897435898","1170.423076923077","454.4871794871795","19.066282051282062","46.333333333333336"
"2025-03-15","22","1381.407894736842","1055.8552631578948","655.5263157894736","19.005921052631578","47.802499999999995"
"2025-03-16","1","1568.939393939394","1204.8333333333333","857.4242424242424","18.555757575757575","45.63621212121212"
"2025-03-16","2","1468.840579710145","1126.9565217391305","862.7536231884058","19.189855072463775","49.23115942028985"
"2025-03-16","3","1363.072463768116","1042.0869565217392","834.3478260869565","17.89492753623188","44.73884057971014"
"2025-03-16","4","1361.7101449275362","1042.1884057971015","854.927536231884","17.19347826086956","40.55072463768116"
"2025-03-16","5","1327.9848484848485","1012.6363636363636","917.8787878787879","18.322878787878786","44.84833333333333"
"2025-03-16","6","1345.75","1028.2166666666667","952.6666666666666","18.246833333333328","43"
"2025-03-16","7","1343.0735294117646","1025.264705882353","903.0882352941177","18.40926470588235","46.5585294117647"
"2025-03-16","8","1396.3","1069.1571428571428","938.1428571428571","18.42","46.94257142857142"
"2025-03-16","9","1344.1159420289855","1026.4927536231885","641.7391304347826","18.401014492753617","46.478115942028985"
"2025-03-16","10","1330.530303030303","1015.4242424242424","666.6666666666666","18.363030303030303","47.36333333333334"
"2025-03-16","11","1332.7878787878788","1017.4090909090909","673.7878787878788","18.50075757575757","47.60575757575757"
"2025-03-16","12","1389.2714285714285","1063.7285714285715","746.1428571428571","18.74428571428571","47.94242857142857"
"2025-03-16","13","1389.2714285714285","1063.7285714285715","741.1428571428571","18.706285714285716","48.05671428571429"
"2025-03-16","14","1352.8333333333333","1033.8833333333334","646","17.75633333333333","43.4"
"2025-03-16","15","1349.1333333333334","1030.4666666666667","579.6666666666666","18.295833333333334","43.4"
"2025-03-16","16","1350.2205882352941","1031.8676470588234","572.7941176470588","18.377647058823534","47.1175"
"2025-03-16","17","1361.5652173913043","1040.7101449275362","557.3913043478261","17.694927536231884","45.78217391304347"
"2025-03-16","18","1300.3846153846155","990.5076923076923","689.8461538461538","18.16923076923077","42.61538461538461"
"2025-03-16","19","1309.7424242424242","998.1060606060606","630.1515151515151","18.28575757575758","43.36363636363637"
"2025-03-16","20","1356.2142857142858","1037.357142857143","569.5714285714286","17.497571428571426","41.8"
"2025-03-16","21","1566.1791044776119","1202.7910447761194","422.23880597014926","19.422985074626865","48.37253731343283"
"2025-03-16","22","1307.6461538461538","995.7538461538461","628.9230769230769","18.13784615384616","43.184615384615384"
"2025-03-17","1","1485.1","1166.05","1136.5","20.9595","41.8"
"2025-03-17","2","1513.5","1191.65","1325","20.973999999999997","41.6"
"2025-03-17","3","1561.45","1230.75","1275.5","21.442999999999998","45.3995"
"2025-03-17","4","1476.75","1164.6","1175.5","20.332","44"
"2025-03-17","5","1430.1","1123.2","1211","19.9555","39"
"2025-03-17","6","1481","1172.4","1333","21.1025","39.8"
"2025-03-17","7","1560.1","1232.65","1196","21.5495","46.2"
"2025-03-17","8","1551.15","1225.5","1367.5","20.708999999999996","46.8"
"2025-03-17","9","1560.1","1232.65","902","20.872999999999998","45"
"2025-03-17","10","1430.1","1123.2","968.5","19.7905","37"
"2025-03-17","11","1430.1","1123.2","706","19.958499999999997","37"
"2025-03-17","12","1560.5","1233.55","1245","21.1785","47"
"2025-03-17","13","1560.5","1233.55","1055","21.178500000000003","47"
"2025-03-17","14","1481","1172.4","839.5","20.086000000000002","38.2"
"2025-03-17","15","1506.0526315789473","1193.2631578947369","935.7894736842105","20.164736842105267","38.1578947368421"
"2025-03-17","16","1550.45","1225.4","793","21.38","45.4"
"2025-03-17","17","1545.65","1218.2","953","21.470499999999998","43.9995"
"2025-03-17","18","1444.111111111111","1133.5555555555557","907.2222222222222","20.537222222222216","39.44444444444444"
"2025-03-17","19","1444.111111111111","1133.5555555555557","813.3333333333334","21.112222222222222","39.44444444444444"
"2025-03-17","20","1459.2","1149.75","835.5","20.639999999999993","43.2"
"2025-03-17","21","1485.1","1166.05","655","20.6845","39"
"2025-03-17","22","1444.111111111111","1133.5555555555557","861.6666666666666","21.26444444444444","39.44444444444444"
"2025-03-19","1","1212.4666666666667","901.5","834.3333333333334","14.911000000000003","42.733333333333334"
"2025-03-19","2","1348.2413793103449","1012.2758620689655","996.8965517241379","17.868620689655174","50.37896551724138"
"2025-03-19","3","1296.0714285714287","967.3214285714286","850.3571428571429","17.251428571428573","48.92821428571428"
"2025-03-19","4","1382.7407407407406","1038.0740740740741","1001.8518518518518","17.08777777777778","50.184814814814814"
"2025-03-19","5","1288.4285714285713","966.6428571428571","993.9285714285714","17.038571428571423","46.714285714285715"
"2025-03-19","6","1448.448275862069","1088","1068.6206896551723","18.577241379310344","54.792068965517245"
"2025-03-19","7","1264","949.4230769230769","1089.2307692307693","16.95653846153846","49.96115384615385"
"2025-03-19","8","1347.8214285714287","1012.9285714285714","1031.0714285714287","17.352142857142855","57.285714285714285"
"2025-03-19","9","1264","949.4230769230769","819.6153846153846","17.013076923076923","49.96115384615385"
"2025-03-19","10","1299.5172413793102","974.4827586206897","808.9655172413793","17.178965517241377","46.58620689655172"
"2025-03-19","11","1291.9310344827586","968.9655172413793","806.551724137931","17.04965517241379","46.310344827586206"
"2025-03-19","12","1333.962962962963","1002.8148148148148","719.2592592592592","17.444814814814816","60.629629629629626"
"2025-03-19","13","1336.9642857142858","1004.6785714285714","772.8571428571429","17.548214285714284","60.285714285714285"
"2025-03-19","14","1498.2","1127.5666666666666","731.3333333333334","18.985666666666663","56.065333333333335"
"2025-03-19","15","1498.2","1127.5666666666666","643","19.027666666666672","56.065333333333335"
"2025-03-19","16","1276.2222222222222","959.2222222222222","765.1851851851852","17.16703703703704","50.074074074074076"
"2025-03-19","17","1307.3214285714287","976.2142857142857","581.7857142857143","17.156428571428574","49.99928571428571"
"2025-03-19","18","1439.2","1086.4","853.3333333333334","18.890000000000004","55.2"
"2025-03-19","19","1434.0333333333333","1082.6","739","18.633666666666674","54.3"
"2025-03-19","20","1457.6296296296296","1096.2962962962963","611.8518518518518","17.663703703703703","51.8137037037037"
"2025-03-19","21","1227.8666666666666","913.3333333333334","395.3333333333333","14.816","42.2"
"2025-03-19","22","1453.7241379310344","1097.344827586207","828.2758620689655","19.25137931034483","60.10344827586207"
"2025-03-20","1","1124.5","837.25","873","14.209750000000003","40.3"
"2025-03-20","2","1253.3529411764705","939.7941176470588","832.9411764705883","15.093529411764708","45.587941176470586"
"2025-03-20","3","1206.8333333333333","901.2777777777778","844.4444444444445","15.089722222222226","40.22222222222222"
"2025-03-20","4","1218.8461538461538","913.8461538461538","851.2820512820513","15.24974358974359","41.15384615384615"
"2025-03-20","5","1256.15","938.975","880.25","14.741499999999997","41.6"
"2025-03-20","6","1270.55","952.7","1029.25","15.126500000000002","47.84925"
"2025-03-20","7","1263.7142857142858","943.1714285714286","1094.857142857143","15.839142857142852","44.142857142857146"
"2025-03-20","8","1218.7272727272727","909.969696969697","786.060606060606","13.975757575757573","37.78787878787879"
"2025-03-20","9","1242.56","928.32","645.6","15.442800000000002","45.7996"
"2025-03-20","10","1216.6","908.4","598","14.285333333333334","39"
"2025-03-20","11","1217.8666666666666","909.4666666666667","596.6666666666666","14.175333333333333","39"
"2025-03-20","12","1208.3","902.2333333333333","734.3333333333334","14.124999999999998","38.333333333333336"
"2025-03-20","13","1221.2758620689656","912.0344827586207","637.5862068965517","14.212758620689653","38.310344827586206"
"2025-03-20","14","1260.2333333333333","944.4333333333333","579","14.696333333333333","43.666666666666664"
"2025-03-20","15","1260.2333333333333","944.4333333333333","565.3333333333334","14.696333333333332","43.666666666666664"
"2025-03-20","16","1239.04","926.04","647.6","16.260800000000003","47.2396"
"2025-03-20","17","1187.076923076923","883.6538461538462","552.6923076923077","14.809230769230766","42.84615384615385"
"2025-03-20","18","1338.4137931034484","1006.1034482758621","615.5172413793103","16.396896551724137","51.654137931034484"
"2025-03-20","19","1454.7142857142858","1099.952380952381","567.1428571428571","17.11333333333333","56.47428571428571"
"2025-03-20","20","1194.5357142857142","896.1428571428571","516.7857142857143","14.674642857142857","41.857142857142854"
"2025-03-20","21","1086.2666666666667","807.4666666666667","367","13.456333333333335","40.6"
"2025-03-20","22","1383.4666666666667","1042.1","649.6666666666666","16.52766666666667","51.632"
"2025-03-21","1","1183.4848484848485","879.060606060606","900","14.234848484848483","43.54545454545455"
"2025-03-21","2","1237.388888888889","923.6944444444445","896.6666666666666","17.203055555555554","48.83277777777778"
"2025-03-21","3","1373.2631578947369","1035.1315789473683","1023.6842105263158","18.196842105263155","52.235789473684214"
"2025-03-21","4","1250.5333333333333","933.6666666666666","916","15.845","46.333"
"2025-03-21","5","1546.8684210526317","1171.1842105263158","1222.3684210526317","18.414736842105263","55.788157894736834"
"2025-03-21","6","1160.9705882352941","866.6764705882352","858.2352941176471","16.477647058823532","45.23529411764706"
"2025-03-21","7","1276.054054054054","959.1891891891892","1327.837837837838","17.45891891891892","48.81027027027027"
"2025-03-21","8","1337.6","1011.025","915.5","17.142250000000004","48.17425"
"2025-03-21","9","1278.9444444444443","961.4722222222222","773.6111111111111","17.391111111111115","48.638333333333335"
"2025-03-21","10","1546.8684210526317","1171.1842105263158","810.5263157894736","18.438421052631583","54.525"
"2025-03-21","11","1546.8684210526317","1171.1842105263158","1048.6842105263158","18.401052631578953","54.525"
"2025-03-21","12","1341.076923076923","1013.8205128205128","760.5128205128206","17.355384615384615","49.230000000000004"
"2025-03-21","13","1336.85","1010.325","752.5","17.285000000000004","48.97425"
"2025-03-21","14","1154.6571428571428","860.2571428571429","717.7142857142857","16.74971428571429","47.457142857142856"
"2025-03-21","15","1154.6571428571428","860.2571428571429","575.1428571428571","16.74971428571429","47.457142857142856"
"2025-03-21","16","1161.9166666666667","867.7777777777778","764.7222222222222","16.735277777777778","44.861111111111114"
"2025-03-21","17","1339.078947368421","1008.078947368421","639.7368421052631","18.131842105263157","51.552368421052634"
"2025-03-21","18","1225.9473684210527","916.4736842105264","841.578947368421","17.95605263157894","53.28921052631579"
"2025-03-21","19","1283.2777777777778","963.5277777777778","772.2222222222222","17.918333333333337","56.08277777777778"
"2025-03-21","20","1264.2333333333333","943.9666666666667","614.3333333333334","16.401666666666664","47.533"
"2025-03-21","21","1193.3030303030303","887.1818181818181","412.1212121212121","14.179090909090908","44.27272727272727"
"2025-03-21","22","1367.25","1029.5277777777778","886.9444444444445","18.549722222222226","53.16638888888889"
"2025-03-22","1","1131.75","844","738.3333333333334","14.476833333333333","43.29966666666667"
"2025-03-22","2","1466.2153846153847","1110.553846153846","908.6153846153846","18.461076923076917","57.55276923076922"
"2025-03-22","3","1152.9705882352941","860.9705882352941","831.9117647058823","16.50455882352942","49.499558823529405"
"2025-03-22","4","1303.723404255319","979.1914893617021","810","16.778297872340428","51.93489361702127"
"2025-03-22","5","1346.8153846153846","1013.6153846153846","967.0769230769231","17.047538461538466","50.01523076923077"
"2025-03-22","6","1129.4925373134329","842.0746268656717","804.776119402985","15.677014925373136","44.07462686567164"
"2025-03-22","7","1119.655737704918","834.2131147540983","925.9016393442623","16.68081967213115","47.032786885245905"
"2025-03-22","8","1403.2857142857142","1061.142857142857","854.4285714285714","16.60157142857143","48.54271428571428"
"2025-03-22","9","1121.7903225806451","836.0806451612904","635.483870967742","16.768064516129037","47.274193548387096"
"2025-03-22","10","1345.015625","1011.640625","654.0625","17.040468750000002","49.5625"
"2025-03-22","11","1337.2923076923078","1004.9076923076923","754.4615384615385","16.949538461538463","48.90769230769231"
"2025-03-22","12","1397.4","1055.857142857143","676.8571428571429","16.45557142857143","48.54271428571428"
"2025-03-22","13","1424.9714285714285","1077.6","734.4285714285714","16.574142857142856","48.59985714285714"
"2025-03-22","14","1128.8484848484848","841.6363636363636","611.3636363636364","15.629090909090912","43.96969696969697"
"2025-03-22","15","1129.076923076923","842.0307692307692","522.1538461538462","15.638461538461538","43.98461538461538"
"2025-03-22","16","1108.274193548387","824.5645161290323","662.5806451612904","16.559193548387096","46.354838709677416"
"2025-03-22","17","1153.8059701492537","863.7313432835821","565.6716417910447","16.322238805970155","48.9544776119403"
"2025-03-22","18","1228.1940298507463","923.2835820895523","597.9104477611941","16.86716417910448","47.447462686567164"
"2025-03-22","19","1233.1029411764705","927.0147058823529","590.5882352941177","16.93617647058825","47.382058823529405"
"2025-03-22","20","1352.4318181818182","1017.1590909090909","581.3636363636364","16.67909090909091","52.271363636363624"
"2025-03-22","21","1129.25","842.5333333333333","348.3333333333333","14.334833333333334","42.133"
"2025-03-22","22","1230.2941176470588","924.8970588235294","620.7352941176471","17.030735294117648","47.17632352941176"
"2025-03-23","1","1121.0533333333333","836.96","643.2","14.622666666666671","41.96"
"2025-03-23","2","1155.5657894736842","869.5","726.3157894736842","16.808684210526323","44"
"2025-03-23","3","1136.1267605633802","853.1549295774648","781.830985915493","16.135915492957743","43.45070422535211"
"2025-03-23","4","1127.4358974358975","845.0769230769231","663.2051282051282","15.309487179487181","44.384487179487174"
"2025-03-23","5","1135.7761194029852","845.4776119402985","800.5970149253732","15.600149253731344","46.343134328358204"
"2025-03-23","6","1121.0666666666666","837.3466666666667","768.6666666666666","15.971466666666672","45.39986666666666"
"2025-03-23","7","1222.6052631578948","916.4342105263158","771.1842105263158","16.53723684210527","46.89421052631579"
"2025-03-23","8","1219.1645569620252","912.253164556962","774.1772151898734","15.90810126582278","47.37911392405062"
"2025-03-23","9","1222.6052631578948","916.4342105263158","562.1052631578947","16.556447368421054","47.367894736842096"
"2025-03-23","10","1135.7910447761194","845.5671641791045","578.3582089552239","15.739999999999995","45.44731343283582"
"2025-03-23","11","1131.1617647058824","841.9411764705883","603.0882352941177","15.677499999999998","45.17602941176471"
"2025-03-23","12","1218.575","911.775","606.5","15.802000000000003","47.374249999999996"
"2025-03-23","13","1219.875","912.7625","640.5","15.748500000000002","47.22425"
"2025-03-23","14","1121.4666666666667","837.8266666666667","539.8666666666667","15.675866666666671","44.54653333333333"
"2025-03-23","15","1121.4666666666667","837.8266666666667","482.1333333333333","15.673866666666669","44.11986666666667"
"2025-03-23","16","1227.828947368421","921.0394736842105","538.0263157894736","16.818684210526317","47.420526315789466"
"2025-03-23","17","1142.2739726027398","858.3561643835617","484.93150684931504","16.048904109589046","43.38356164383562"
"2025-03-23","18","1238.8181818181818","929.3896103896104","550.9090909090909","17.10298701298701","47.246233766233765"
"2025-03-23","19","1213.0666666666666","908.6533333333333","597.6","16.968000000000004","46.8796"
"2025-03-23","20","1126.240506329114","844.1012658227849","465.0632911392405","15.267468354430381","43.480886075949364"
"2025-03-23","21","1121.9466666666667","837.76","323.3333333333333","14.461466666666672","40.6"
"2025-03-23","22","1236.9473684210527","927.6184210526316","547.8947368421053","17.005526315789474","47.78894736842105"
"2025-03-24","1","1317.0923076923077","1034.9846153846154","1206.6153846153845","19.976461538461542","46.815384615384616"
"2025-03-24","2","1318.676923076923","1036.7076923076922","1036.3076923076924","22.115692307692314","45.53815384615385"
"2025-03-24","3","1359.7","1072.3","1134.3333333333333","21.753166666666672","45.032999999999994"
"2025-03-24","4","1335.6060606060605","1050.1515151515152","1081.5151515151515","20.726363636363637","43.878484848484845"
"2025-03-24","5","1618.1076923076923","1277.3692307692309","1458.3076923076924","24.259384615384615","52.99907692307693"
"2025-03-24","6","1370.968253968254","1079.2380952380952","1210.6349206349207","21.525714285714283","52.61904761904762"
"2025-03-24","7","1332.2727272727273","1045.621212121212","1068.030303030303","20.808181818181822","42.81818181818182"
"2025-03-24","8","1299.4328358208954","1019.8358208955224","1231.3432835820895","20.82119402985074","44.10432835820895"
"2025-03-24","9","1336.7121212121212","1049.4242424242425","834.6969696969697","21.167727272727276","42.93939393939394"
"2025-03-24","10","1626.015625","1284.015625","1085.78125","24.446874999999995","53.65531249999998"
"2025-03-24","11","1618.1076923076923","1277.6923076923076","1059.6923076923076","24.328","53.18369230769229"
"2025-03-24","12","1299.3333333333333","1019.6376811594203","1003.6231884057971","20.838260869565215","42.94202898550725"
"2025-03-24","13","1302.089552238806","1021.8955223880597","969.4029850746268","20.644328358208952","42.64179104477612"
"2025-03-24","14","1381.765625","1088.140625","796.5625","21.375625","53.5"
"2025-03-24","15","1381.765625","1088.140625","776.25","21.445781250000007","53.75"
"2025-03-24","16","1327.1060606060605","1041.8030303030303","818.030303030303","21.275","42.81818181818182"
"2025-03-24","17","1378.2666666666667","1086.35","705.5","22.004","44.633"
"2025-03-24","18","1461.735294117647","1152.25","990.2941176470588","23.813382352941183","48.632205882352935"
"2025-03-24","19","1454.5428571428572","1146.5285714285715","949.8571428571429","23.689","48.47128571428571"
"2025-03-24","20","1359.3030303030303","1069.0151515151515","672.8787878787879","21.064242424242426","52.45439393939394"
"2025-03-24","21","1341.8358208955224","1054.2537313432836","524.179104477612","20.19373134328358","46.88059701492537"
"2025-03-24","22","1451.1159420289855","1143.304347826087","1010.4347826086956","23.77188405797102","48.20289855072464"
"2025-03-25","1","1273.2028985507247","1001.0434782608696","1340","20.38840579710144","44.79681159420289"
"2025-03-25","2","1328.8153846153846","1044.7076923076922","1214.1538461538462","21.906307692307696","44.707692307692305"
"2025-03-25","3","1381.4411764705883","1090.5735294117646","1339.264705882353","22.51823529411765","48.14661764705882"
"2025-03-25","4","1307","1027.3235294117646","1257.7941176470588","21.14088235294118","43.411764705882355"
"2025-03-25","5","1644.9264705882354","1299.1617647058824","1466.0294117647059","22.96044117647059","49.11764705882353"
"2025-03-25","6","1319.1571428571428","1039.0142857142857","1452.857142857143","21.728999999999992","52.771"
"2025-03-25","7","1300","1022.4923076923077","1367.6923076923076","21.901230769230775","43.06153846153846"
"2025-03-25","8","1294.8181818181818","1018.3636363636364","1379.6969696969697","20.863484848484845","43.93924242424242"
"2025-03-25","9","1300","1022.4923076923077","954.4615384615385","21.903692307692314","42.50769230769231"
"2025-03-25","10","1640.9420289855072","1296.2463768115942","1131.304347826087","22.72811594202898","49.115797101449274"
"2025-03-25","11","1636.357142857143","1292.5857142857142","1084","22.730857142857143","49.314142857142855"
"2025-03-25","12","1292.7761194029852","1016.6865671641791","1134.9253731343283","21.325671641791036","44.52223880597015"
"2025-03-25","13","1293.5820895522388","1017.0597014925373","1058.358208955224","21.43492537313432","43.92522388059701"
"2025-03-25","14","1313.9571428571428","1034.8428571428572","937.5714285714286","21.399714285714282","52.142285714285705"
"2025-03-25","15","1316.8115942028985","1037.072463768116","960.4347826086956","21.423913043478258","52.56463768115941"
"2025-03-25","16","1300.640625","1022.796875","964.0625","21.797812500000006","43.0625"
"2025-03-25","17","1383.7941176470588","1092.3970588235295","906.6176470588235","22.04823529411765","47.205735294117645"
"2025-03-25","18","1405.7121212121212","1106.9242424242425","1018.030303030303","23.548939393939403","49.45393939393939"
"2025-03-25","19","1404.3484848484848","1105.7424242424242","959.2424242424242","23.446212121212113","49.04484848484849"
"2025-03-25","20","1302.6666666666667","1023.5797101449275","842.7536231884058","21.238550724637683","42.47826086956522"
"2025-03-25","21","1269.0289855072465","997.8840579710145","629.8550724637681","19.980869565217382","45.26057971014493"
"2025-03-25","22","1410.9076923076923","1110.876923076923","1035.2307692307693","23.48230769230769","48.82999999999999"
"2025-03-26","1","1306.7837837837837","1029.4054054054054","1142.162162162162","20.936486486486487","45.486351351351345"
"2025-03-26","2","1421.474358974359","1120.525641025641","1183.4615384615386","22.326025641025645","48.58897435897435"
"2025-03-26","3","1315.1","1033.8","1146.75","22.002375","44.15"
"2025-03-26","4","1411.4558823529412","1111.014705882353","1119.264705882353","20.964999999999993","41.88235294117647"
"2025-03-26","5","1311.672131147541","1032.1967213114754","1367.8688524590164","21.94622950819672","51.70459016393443"
"2025-03-26","6","1350.3333333333333","1061.3484848484848","1309.6969696969697","22.258030303030296","48.54484848484849"
"2025-03-26","7","1297.7169811320755","1019.9433962264151","1315.8490566037735","22.115849056603775","47.150754716981126"
"2025-03-26","8","1320.904761904762","1039.3650793650793","1282.5396825396826","21.496507936507935","45.34920634920635"
"2025-03-26","9","1297.7169811320755","1019.9433962264151","882.2641509433962","22.12509433962263","47.30169811320754"
"2025-03-26","10","1322.241935483871","1040.3387096774193","1011.7741935483871","21.95403225806452","51.564354838709676"
"2025-03-26","11","1322.0819672131147","1040.2622950819673","1026.5573770491803","21.917540983606564","50.55721311475409"
"2025-03-26","12","1322.4761904761904","1040.5238095238096","1049.5238095238096","21.699682539682538","45.60301587301587"
"2025-03-26","13","1322.4761904761904","1040.5238095238096","1070.1587301587301","21.789047619047615","45.666507936507934"
"2025-03-26","14","1353.7692307692307","1064.0615384615385","881.3846153846154","22.28661538461538","49.24553846153846"
"2025-03-26","15","1353.6461538461538","1063.8615384615384","895.8461538461538","22.378000000000004","49.30707692307692"
"2025-03-26","16","1302.4905660377358","1023.7358490566038","978.1132075471698","22.445283018867933","46.01867924528302"
"2025-03-26","17","1303.5714285714287","1024.3142857142857","868.4285714285714","22.00685714285713","43.84285714285714"
"2025-03-26","18","1411.734375","1112.234375","1022.1875","23.30562499999999","49.28109375"
"2025-03-26","19","1413.3174603174602","1113.6031746031747","956.6666666666666","23.283650793650793","48.99984126984127"
"2025-03-26","20","1445.1764705882354","1138.3382352941176","813.3823529411765","22.201176470588237","45.293382352941165"
"2025-03-26","21","1323.453125","1042.890625","589.53125","21.565781250000008","45.71843749999999"
"2025-03-26","22","1409.968253968254","1110.6349206349207","1007.1428571428571","23.412539682539677","49.42841269841269"
"2025-03-27","1","1338.64","1053.76","1341.4","21.1474","44.239799999999995"
"2025-03-27","2","1353.66","1062.76","1204.2","21.349999999999994","41.16"
"2025-03-27","3","1357.18","1067.44","1261.2","22.2194","44.879799999999996"
"2025-03-27","4","1735.1785714285713","1370.1785714285713","1206.607142857143","22.90732142857143","44.07142857142857"
"2025-03-27","5","1673.6530612244899","1322.1224489795918","1427.7551020408164","24.39040816326529","50.67265306122449"
"2025-03-27","6","1349.4651162790697","1064.906976744186","1331.860465116279","21.551860465116274","45.7906976744186"
"2025-03-27","7","1376.9555555555555","1084.1777777777777","1361.3333333333333","21.912666666666667","41.93333333333333"
"2025-03-27","8","1405.4745762711864","1104.135593220339","1086.7796610169491","20.46203389830508","42.05084745762712"
"2025-03-27","9","1442.1081081081081","1136.7027027027027","1022.972972972973","22.074054054054056","43.108108108108105"
"2025-03-27","10","1681.3265306122448","1328.1836734693877","1034.0816326530612","24.853469387755098","52.01938775510204"
"2025-03-27","11","1681.3877551020407","1328.4489795918366","1230","24.99204081632652","52.672448979591834"
"2025-03-27","12","1404.591836734694","1102.469387755102","1156.1224489795918","21.05591836734694","42.59142857142857"
"2025-03-27","13","1402.7586206896551","1101.9827586206898","972.2413793103449","20.977068965517226","42.72379310344827"
"2025-03-27","14","1347.3396226415093","1062.9433962264152","830","20.923207547169817","44.886792452830186"
"2025-03-27","15","1347.3396226415093","1062.9433962264152","779.2452830188679","20.945471698113202","44.886792452830186"
"2025-03-27","16","1380.195652173913","1086.6739130434783","959.5652173913044","21.807391304347824","41.26086956521739"
"2025-03-27","17","1353.8166666666666","1064.8666666666666","843.3333333333334","22.10866666666666","44.199666666666666"
"2025-03-27","18","1460.155172413793","1150.4655172413793","942.7586206896551","23.105862068965507","47.275"
"2025-03-27","19","1463.396551724138","1153.051724137931","899.6551724137931","23.18724137931035","46.86137931034482"
"2025-03-27","20","1723.9298245614036","1361.140350877193","867.719298245614","23.55070175438596","46.36842105263158"
"2025-03-27","21","1346.4166666666667","1059.5666666666666","586.1666666666666","21.128833333333326","45.43266666666667"
"2025-03-27","22","1468.5172413793102","1156.7758620689656","1000.8620689655172","23.4251724137931","47.464827586206894"
"2025-03-28","1","1365.4","1074.475","1305","21.883250000000004","44.6995"
"2025-03-28","2","1341.45","1054.65","1214.25","21.482","42.8"
"2025-03-28","3","1397.925","1101.575","1244.75","22.662500000000005","45.6"
"2025-03-28","4","1476.103448275862","1159.551724137931","1197.5862068965516","22.02137931034482","63.48275862068966"
"2025-03-28","5","1324.425","1042.225","1204","21.564750000000007","44.84975"
"2025-03-28","7","1755.6764705882354","1386.735294117647","1556.1764705882354","25.933235294117647","54.233823529411765"
"2025-03-28","8","1384.15","1089.8","1209.75","21.087249999999994","44.8"
"2025-03-28","10","1327.325","1044.7","940","21.165750000000006","45.44975"
"2025-03-28","11","1327.325","1044.7","963","21.095999999999997","45.44975"
"2025-03-28","13","1383.875","1090.075","984.75","20.673249999999992","44.4"
"2025-03-28","14","1309.5","1030.157894736842","914.4736842105264","20.801315789473684","39.63157894736842"
"2025-03-28","15","1309.5","1030.157894736842","812.8947368421053","20.84868421052631","40.05263157894737"
"2025-03-28","16","1768.2121212121212","1397.2424242424242","1063.3333333333333","25.837575757575756","54.02878787878788"
"2025-03-28","17","1400.75","1103.425","859.75","22.414750000000005","46.84975"
"2025-03-28","18","1301.948717948718","1022.3589743589744","874.8717948717949","22.12128205128205","42.794871794871796"
"2025-03-28","19","1310.7179487179487","1029.5641025641025","872.8205128205128","22.548717948717947","43.41025641025641"
"2025-03-28","20","1486.892857142857","1168.2857142857142","769.6428571428571","22.24071428571429","65.78571428571429"
"2025-03-28","21","1365.025","1074.225","606.25","21.753500000000003","44.5995"
"2025-03-28","22","1308.4871794871794","1027.948717948718","975.6410256410256","23.065384615384612","43.717948717948715"
"2025-03-30","10","1349.1","1057.7","733","20.211000000000002","40.2"
"2025-03-30","11","1349.1","1057.7","752","20.211000000000002","40.2"
"2025-03-31","1","1310.5","1029.3","845","20.737000000000002","41.8"
"2025-03-31","2","1379.4","1090.4","677","19.247999999999998","47"
"2025-03-31","3","1325","1043.3","943","21.613999999999997","40.6"
"2025-03-31","4","1367.9","1078.3","685","19.154999999999994","43.8"
"2025-03-31","5","1701.5","1337","997.5","24.754999999999995","49"
"2025-03-31","7","1483.7777777777778","1172.4444444444443","804.4444444444445","19.935555555555553","47.888888888888886"
"2025-03-31","8","1359.5","1066.2","788","19.722","39"
"2025-03-31","10","1701.5","1337","820","27.18","49"
"2025-03-31","11","1701.5","1337","902.5","27.18","49"
"2025-03-31","13","1359.5","1066.2","615","19.722","39"
"2025-03-31","14","2138.9","1697.2","808","25.140000000000004","63"
"2025-03-31","15","2138.9","1697.2","662","25.140000000000008","63"
"2025-03-31","16","1457.2222222222222","1150.7777777777778","444.44444444444446","19.714444444444446","47.888888888888886"
"2025-03-31","17","1330.35","1048.2","537","22.318","45.2995"
"2025-03-31","18","1340.909090909091","1055.4545454545455","753.6363636363636","24.20181818181818","47.63636363636363"
"2025-03-31","19","1331.8333333333333","1047.75","684.1666666666666","24.134166666666662","47.916666666666664"
"2025-03-31","20","1355.45","1067.95","535","20.515999999999995","47.7995"
"2025-03-31","21","1295.157894736842","1017.7894736842105","379.4736842105263","20.82315789473684","42.1578947368421"
"2025-03-31","22","1311.8461538461538","1030.076923076923","730","23.824615384615388","48.46153846153846"
"2025-04-01","1","1330.725","1046.075","1139.25","20.518","39.6"
"2025-04-01","2","1337.775","1051.375","1165.5","20.61424999999999","43.2"
"2025-04-01","3","1367.2","1075.225","1137.25","21.719500000000004","44.1"
"2025-04-01","4","1325.275","1043.1","1151.75","20.142250000000004","40.8"
"2025-04-01","5","1477.88","1164.04","1316.4","22.9536","50.4396"
"2025-04-01","7","1403.6842105263158","1107.078947368421","1109.4736842105262","21.762894736842096","47.26263157894737"
"2025-04-01","8","1393.9705882352941","1095.1764705882354","1235.2941176470588","20.772058823529406","50.8235294117647"
"2025-04-01","10","1489.08","1173.8","1116.4","22.358399999999996","51.4"
"2025-04-01","11","1505.1","1185.5666666666666","991.6666666666666","22.324333333333342","50.666666666666664"
"2025-04-01","13","1390.8","1093","951.4285714285714","20.77742857142857","52.142857142857146"
"2025-04-01","14","1563.1538461538462","1235.179487179487","873.5897435897435","22.17358974358974","52.692051282051274"
"2025-04-01","15","1563.974358974359","1235.6666666666667","957.9487179487179","22.90051282051281","52.53820512820512"
"2025-04-01","16","1451.2631578947369","1145.6842105263158","823.6842105263158","22.090263157894736","49.3678947368421"
"2025-04-01","17","1358.775","1067.675","798.5","21.621499999999997","42.6"
"2025-04-01","18","1428.44","1128.28","945.2","23.362399999999994","46.68"
"2025-04-01","19","1417.24","1118.52","853.2","23.508799999999997","45.08"
"2025-04-01","20","1320.575","1039.775","785.25","20.003249999999994","42.3"
"2025-04-01","21","1324.25","1040.6","559","20.404999999999998","40.3"
"2025-04-01","22","1397.6153846153845","1102.6923076923076","935","22.920384615384613","44.23076923076923"
"2025-04-02","7","1430.3","1134","1691","23.810000000000002","59.4"
"2025-04-02","8","1366","1075.375","1366.25","21.848750000000003","43.5"
"2025-04-02","10","1273","1000.7777777777778","1232.2222222222222","21.008888888888887","43.44444444444444"
"2025-04-02","11","1273","1000.7777777777778","1298.888888888889","21.172222222222224","43.44444444444444"
"2025-04-02","13","1344.625","1057.5","1031.25","21.495","40.5"
"2025-04-02","14","2162","1714.9","1138","23.585","45.4"
"2025-04-02","15","2162","1714.9","1195","23.585","45.4"
"2025-04-02","16","1430.3","1134","1194","24.210999999999995","59.4"
"2025-04-02","17","1393.4444444444443","1098","942.2222222222222","21.37111111111111","44.77777777777778"
"2025-04-02","18","2084","1651.7","1188","24.458","55"
"2025-04-02","19","1321.9","1041.7","947","20.456","43"
"2025-04-02","20","1368.7","1076.1","825","22.891","47.4"
"2025-04-02","21","1321.3","1039.9","619","19.6685","40.2"
"2025-04-02","22","1723.9","1365.1","1038","24.0405","51"
